question,expected_answer,predicted_answer,answer_precision,answer_recall,answer_f1,retrieval_precision,retrieval_recall,retrieval_f1,retrieval_mrr,retrieved_contexts,ragas_faithfulness,ragas_answer_relevancy,ragas_context_precision,ragas_context_recall
Qual e o tema principal do trabalho?,"Saude mental como desafio para a saude publica, com foco no Programa Saude da Familia.",O tema principal do trabalho é o cenário da saúde mental no Programa Saúde da Família (PSF) - Areias I - situado no bairro Areias no município de Ribeirão das Neves - MG.,0.16666666666666666,0.3076923076923077,0.21621621621621623,0.0,0.0,0.0,0.0,"Curso de Especialização em Atenção Básica em 
Saúde da Família da Universidade Federal de Minas 
Gerais, como requisito parcial para a obtenção do 
certificado de especialista. 
 
 
Orientador: Prof. Bruno Leonardo de Castro Sena 
 
 
 
  
 
 
 
 
 
 
 
 
 
BANCA EXAMINADORA: 
 
Prof. Bruno Leonardo De Castro Sena (UFMG) 
 
Profª. 
 
Aprovado em Belo Horizonte:  ___ / ___ / ___ 
  
 
AGRADECIMENTOS 
 
 
 
 
Agradeço primeiramente a Deus por ter me concedido a oportunidade de 
concretizar mais uma especialização. 
Agradeço a toda minha família pelo apoio e pelo incentivo em toda minha 
caminhada. 
Agradeço ao orientador Bruno Sena pela disponibilidade e por despertar  a busca 
infindável pelo saber 
Agradeço a todos os pacientes que durante todos esses anos passaram por minha 
vida e fizeram de mim uma pessoa melhor contribuindo para o meu crescimento 
pessoal e profissional. 
 
 
 
 
 
 
 
 
 
 
 
 
 
 
 
 
 
 RESUMO ||| população. As práticas da ESF visam a ter como foco do trabalho a família, 
assim como possuir ações de caráter preventivo sobre a demanda. Dessa 
forma, constitui  prática menos reducionista sobre a saúde, avançando para 
além da simples intervenção médica, que busca a integração com a 
comunidade, em  atuação interdisciplinar dos profissionais que compõem as 
equipes de saúde da família (GIACOMOZZI; LACERDA, 2006 apud BRASIL, 
2003). 
O Programa Saúde da Família (PSF) visa desenvolver a prevenção e 
promoção da saúde na comunidade, mediante ação assertiva com a 
população. Esse modelo de atuação prioriza a atenção primária à saúde, como 
alternativa àquela centrada exclusivamente na doença (BRASIL, 2006). No 
período de 1994 a 2005, o PSF foi implantado e disseminado por diversas 
regiões do país, chegando, em 2005, a uma cobertura que atendia 78,6 
milhões de pessoas. O programa é desenvolvido por uma equipe básica 
 26 ||| parcerias e sensibilização dos agentes responsáveis: gestores, família, 
profissionais de saúde e os próprios doentes mentais. 
Faz-se necessário a mudança de se fazer saúde mental e da forma de 
atuar tanto para os profissionais das equipes de saúde da família quanto para a 
equipe de saúde mental propiciando e aumentando a interação entre os dois 
setores e deste dois com a família e comunidade, pois é no seio familiar que 
acontecem as dinâmicas e os conflitos do cotidiano. 
 
             
 
 
 
 
 33 
 
 
REFERÊNCIAS 
 
1. AMARANTE, P. A constitução de novas práticas no campo da atenção 
psicossocial: análise de dois projetos pioneiros na reforma psiquiátrica 
no Brasil. Saúde em debate, v.25, n:58: p. 26-34, 2001. 
 
2. ANDRADE, L. et al. Epidemiologia dos transtornos psiquiátricos na mulher. Rev 
psiquiatria clínica. 2006. 
 
3. BASTOS, A. B. A técnica de grupos-operativos à luz de Pichon-Rivière e 
Henri 
Wallon; 
Izique, 
2010. 
Disponível 
em: ||| pessoal e profissional. 
 
 
 
 
 
 
 
 
 
 
 
 
 
 
 
 
 
 RESUMO 
 
O presente estudo tem como objetivo abordar o cenário da saúde mental no Programa Saúde 
da Família (PSF) – Areias I – situado no bairro Areias no município de Ribeirão das Neves – 
MG e compor um plano de ação para que haja a consolidação da saúde mental no município e 
que ela seja exercida de forma efetiva.O enfoque deste presente estudo será na área da 
enfermagem em saúde mental como requisito parcial para a conclusão do Curso de 
Especialização em Atenção Básica em Saúde da Família. Tendo esta última como foco de 
atenção, pois será através das interações em seu seio que as mudanças ocorrerão e que o 
portador de transtorno mental encontrará o apoio para adesão ao tratamento e a conquista de 
sua dignidade. Uma vez que no modelo de atenção atual, a política assistencial vigente 
preconiza a diminuição da oferta de leitos hospitalares e a criação de serviços substitutivos de ||| comunidade; prestar uma assistência universalizada, com descentralização de 
decisões; e contar com bases territoriais definidas para a atuação, vendo a 
família e seu espaço social como núcleo básico de abordagem no atendimento 
à saúde. 
Em Ribeirão das Neves, especificamente na área de abrangência da 
ESF Areias I, há um grande número de usuários que fazem uso de 
benzodiazepínicos e que necessitam de acompanhamento psiquiátrico. Em 
grande parte são indivíduos que possuem depressão e também indivíduos que 
fazem uso de álcool e de outras drogas. E como no momento não dispomos de 
profissional psiquiatra para atendimento de todos os casos; dessa forma este 
estudo será de grande importância para a elaboração de um plano de ação que 
será realizado na ESF em que trabalho para a prevenção, promoção e 
recuperação da saúde desses indivíduos. 
 
 
 19 
 
 
3 OBJETIVOS 
 
3.1 Objetivo Geral 
 
Propor um plano de ação para melhorar e otimizar a assistência  aos",1.0,,0.94999999997625,1.0
Em qual municipio e bairro foi realizado o estudo?,"No bairro Areias, no municipio de Ribeirao das Neves, em Minas Gerais.",Ribeirão das Neves - MG,0.5,0.18181818181818182,0.26666666666666666,0.6,1.0,0.7499999999999999,1.0,"hospital e serviços privados de saúde. Ainda conta com um Centro de 
Assistência Psicossocial (CAPS), Centro de Assistência Psicossocial Infantil 
(CAPSI), Centro de Assistência Psicossocial Álcool e Drogas (CAPSAD), e um 
Núcleo de Assistência Psicossocial (NAPS). 
 11 
 
 
Legenda: 1 – Homens 2 – Mulheres 
Fonte: Secretaria Municipal de Ribeirão das Neves (2013). 
 
 
O plano de ação será realizado na Estratégia de Saúde da Família 
Areias I, localizado no bairro Areias, região de Justinópolis, região III, em 
Ribeirão das Neves-MG. A equipe é formada por uma médica, uma enfermeira, 
duas técnicas em enfermagem, uma para procedimentos e a outra para sala de 
vacinas, seis agentes comunitários de saúde, um dentista, uma técnica em 
saúde bucal, uma auxiliar de saúde bucal e uma auxiliar de serviços gerais. A 
equipe atende uma população de 840 famílias totalizando 3.800 pessoas. 
Atendemos dois bairros, bairro Areias e bairro Santana I. Contamos também ||| Saúde da Família visa a reversão do modelo assistencial vigente, onde 
predomina o atendimento emergencial ao doente, na maioria das vezes em 
grandes hospitais. A família passa a ser o objeto de atenção, no ambiente em 
que 
se 
vive, 
permitindo 
uma 
compreensão 
ampliada 
do 
processo 
saúde/doença. Este plano de ação tem como proposta discutir o problema da 
saúde mental no município de Ribeirão das Neves – MG, especificamente na 
Estratégia Saúde da Família Areias I, localizada no bairro Areias. 
Ribeirão das Neves é uma cidade localizada na região metropolitana 
de Belo Horizonte – Grande BH – com uma população de 303.029 habitantes 
(IBGE, 2010), com uma extensão territorial de 154.180 km², o município vive 
basicamente do comércio e possui água tratada, energia elétrica, telefonia fixa 
e móvel, ruas asfaltadas, rede de esgoto, 53 equipes de ESF, duas  UPAS, um 
hospital e serviços privados de saúde. Ainda conta com um Centro de ||| social (...). A técnica do grupo operatirativo consiste em um trabalho com 
grupos, cujo objetivo é promover m processo de aprendizagem para os sujeitos 
envolvidos. Aprender em grupo significa uma leitura crítica da realidade, uma 
atitude investigadora, uma abertura para as dúvdas e para as novas 
inquietações. (BASTOS, A.B.Izique, 2010) 
A área coberta por essa equipe possui saneamento básico, luz e coleta 
de lixo. O índice de analfabetismo é relativamente alto, e o uso de álcool e 
outras drogas também. O bairro posui duas  escolas  estaduais, uma escola 
municipal, uma igreja católica e quatro igrejas evangélicas, uma farmácia e, 
uma padaria,   uma verduraria e três pequenas mercearias s, um açougue. 
Outro fator preocupante é que o bairro não possui nenhuma forma de lazer a 
não ser duas praças, mas que estão em estado de conservação precárias. É 
um bairro distante da região central do município e até para ir ao supermercado ||| Atendemos dois bairros, bairro Areias e bairro Santana I. Contamos também 
com uma psicóloga que realiza o matriciamento da saúde mental na Unidade 
que vai à Unidade a cada 15 dias para discutirmos os casos em grupo e 
dependendo do caso fazemos o atendimento compartilhado. No momento 
estamos sem referência de profissional psiquiatra que antes tinhamos. 
De acordo com o diagnóstico situacional realizado em setembro de 
2013,constatamos que o maior problema da equipe é o grande número de 
usuários que fazem uso de benzodiazepínicos e que dependem de 
acompanhamento psiquiátrico, além de não dispormos do profissional 
psiquiatra na rede para consultas eletivas. Apenas nos CAPS e NAPS do 
município. 
40,0%
60,0%
Densidade demográfcia da amostra
Distribuição por gênero
1
2
 12 
 
 
Diante disso, a Atenção Básica tem um importante papel na assistência 
a certas demandas em saúde mental. O Ministério da Saúde avalia que cerca ||| Atenção Básica em Saúde da Família, no primeiro semestre de 2014. Foi 
realizado um diagnóstico situacional para identificar o número de pacientes 
com transtornos mentais, como objeto dessa pesquisa. As informações foram 
obtidas através dos sistemas de informação, os cadernos de registros da 
equipe e o auxílio dos ACS. 
Com o diagnóstico situacional da área foi possível levantar o número 
total de pessoas atendidas pela equipe, as faixas etárias de acordo com o 
sexo, e as doenças prevalentes na população. Utilizou-se o método de 
Planejamento Estratégico Situacional (PES), que permite a detecção imediata 
de problemas e o planejamento de estratégias para suas resoluções. Os 
principais problemas encontrados na área estudada foram risco aumentado 
para doenças cardiovasculares, problemas psiquiátricos, alcoolismo e uso de 
drogas ilícitas, falta de lazer nos bairros, falta de saneamento básico em 
determinados locais, depósito de lixo em alguns lotes vagos.",1.0,,0.99999999998,1.0
Qual percentual da populacao cadastrada apresenta transtornos mentais segundo o diagnostico situacional?,"9,8% dos usuarios cadastrados apresentam algum tipo de transtorno mental.","Segundo o diagnostico situacional realizado na ESF Areias I, 9,8% dos usuários cadastrados apresentam algum tipo de transtorno mental.",0.5,0.9090909090909091,0.6451612903225806,0.4,1.0,0.5714285714285715,0.5,"a certas demandas em saúde mental. O Ministério da Saúde avalia que cerca 
de 9% da população apresenta transtornos mentais leves e de 6 a 8% 
apresenta transtornos decorrentes do uso de álcool e outras drogas, pelos 
quais a atenção básica deve responsabilizar-se. Uma pesquisa do Ministério da 
Saúde mostra que 56% das equipes de Saúde da Família referem realizar 
“alguma ação de Saúde Mental”. Por sua proximidade com as famílias e com 
as comunidades, essas equipes se constituem em  recurso estratégico para o 
enfrentamento de diversas formas de sofrimento psíquico (BRASIL, 2003). 
 
1.1 Contexto Geral 
 
 
Na década de 80, iniciou- se a discussão sobre a deshospitalização 
dos portadores de transtornos mentais, a partir do movimento da Reforma 
Psiquiátrica, a qual propôs modificar o sistema de tratamento clínico da doença 
mental, eliminando gradualmente a internação como forma de exclusão social. 
Este modelo seria substituído por uma rede de serviços territoriais de atenção ||| 17 
 
 
compreendem 9,8% desta população de 3.800 pessoas. 
Os principais transtornos mentais identificados são depressão mental, 
distúrbio da ansiedade e/ou insônia, psicoses e neuroses, alcoolismo e outras 
drogas, senilidade. 
 
Fonte: Secretaria Municipal de Ribeirão das Neves (2013). 
 
Fonte: Secretaria Municipal de Ribeirão das Neves (2013). 
Principais transtornos mentais identificados na ESF Areias I
Depressão
Distúrbio de 
ansiedade/insonia
Alcoolismo e outras drogas
Psicose e neurose
Senilidade
0-18
18-24
25-39
40-64
65 e mais
0
500
1000
1500
2000
Distribição sexo/faixa etária
População
Homens
Mulheres
 18 
 
 
2 JUSTIFICATIVA 
 
Tendo em vista o grande número de pacientes portadores de 
transtornos mentais e a crescente procura dos mesmos pela Unidade Básica 
de Saúde uma vez que a mesma é a porta de entrada do SUS é que surgiu a 
necessidade de realizar o presente estudo. 
Há duas décadas, por meio do  Programa Saúde da Família (PSF); o ||| estudo demonstrou que 9,8% dos usuários cadastrados apresentam algum tipo 
de transtorno mental, sendo os principais: depressão ou estado depressivo, 
distúrbio da ansiedade e insônia, epilepsias, convulsões, dor crônica, cefaléias, 
dependência química. Esses transtornos mentais acontecem devido a 
desestrutura familiar, falta de lazer e perspectiva de crescimento, desemprego, 
alcoolismo e dependência química. Os dados obtidos em relação aos 
transtornos mentais mais prevalentes foram identificados através de registro 
em prontuário, registro dos agentes comunitários de saúde e registros contidos 
em cadernos da equipe. 
 
6.4 Como Controlar o Problema 
 
Para controlar o problema descrito – grande números de usuários 
portadores de transtorno mentais – será necessário investir na prevenção e na 
promoção da saúde desses usuários através de: 
 
 Realização de grupos operativos nas escolas abordando sobre o tema 
antidrogas; 
 29 ||| Atenção Básica em Saúde da Família, no primeiro semestre de 2014. Foi 
realizado um diagnóstico situacional para identificar o número de pacientes 
com transtornos mentais, como objeto dessa pesquisa. As informações foram 
obtidas através dos sistemas de informação, os cadernos de registros da 
equipe e o auxílio dos ACS. 
Com o diagnóstico situacional da área foi possível levantar o número 
total de pessoas atendidas pela equipe, as faixas etárias de acordo com o 
sexo, e as doenças prevalentes na população. Utilizou-se o método de 
Planejamento Estratégico Situacional (PES), que permite a detecção imediata 
de problemas e o planejamento de estratégias para suas resoluções. Os 
principais problemas encontrados na área estudada foram risco aumentado 
para doenças cardiovasculares, problemas psiquiátricos, alcoolismo e uso de 
drogas ilícitas, falta de lazer nos bairros, falta de saneamento básico em 
determinados locais, depósito de lixo em alguns lotes vagos. ||| situacional realizado no ano de 2013 na área de abrangência da equipe. 
O quantitativo de usuários portadores de transtornos mentais foi obtido 
por meio de sistemas de informação, de registros em cadernos da equipe e 
também com o auxílio dos ACS. 
Diante do problema torna-se de fundamental importância o empenho e 
a articulação de toda a equipe para execução do plano de ação proposto para 
a melhoria da qualidade de vida desses pacientes. Nesse sentido o PSF vem 
se mostrando como instrumento do processo de transformação da assistência 
em saúde mental, uma vez que possibilita maior aproximação entre o usuário, 
a família, os profissionais e toda a comunidade. Enfim essa proximidade é um 
importante recurso, principalmente no que se refere ao enfrentamento dos 
agravos vinculados ao sofrimento psíquico, que vêem se mostrando 
frequentes, e ainda pouco tratados (ANDRADE, 2006). 
 
6.5 Planejamento das Ações 
 
TABELA  1: Planejamento das ações de saúde mental na ESF Areias I",0.25,0.5792495752821102,0.99999999998,1.0
Qual metodologia foi utilizada para o planejamento das acoes?,O metodo de Planejamento Estrategico Situacional (PES).,O método utilizado para o planejamento das ações foi o Planejamento Estratégico Situacional (PES).,0.36363636363636365,0.5714285714285714,0.4444444444444444,0.4,1.0,0.5714285714285715,1.0,"Atenção Básica em Saúde da Família, no primeiro semestre de 2014. Foi 
realizado um diagnóstico situacional para identificar o número de pacientes 
com transtornos mentais, como objeto dessa pesquisa. As informações foram 
obtidas através dos sistemas de informação, os cadernos de registros da 
equipe e o auxílio dos ACS. 
Com o diagnóstico situacional da área foi possível levantar o número 
total de pessoas atendidas pela equipe, as faixas etárias de acordo com o 
sexo, e as doenças prevalentes na população. Utilizou-se o método de 
Planejamento Estratégico Situacional (PES), que permite a detecção imediata 
de problemas e o planejamento de estratégias para suas resoluções. Os 
principais problemas encontrados na área estudada foram risco aumentado 
para doenças cardiovasculares, problemas psiquiátricos, alcoolismo e uso de 
drogas ilícitas, falta de lazer nos bairros, falta de saneamento básico em 
determinados locais, depósito de lixo em alguns lotes vagos. ||| consultório dentário e uma auxiliar de serviços gerais. Ainda realizamos o 
matriciamento em saúde mental , a cada 15 dias uma psicóloga vai à unidade 
para discutirmos os casos e realizarmos  o atendimento compartilhado; antes 
contávamos também com a presença de um psiquiatra no matriciamento, 
 16 
 
 
porém agora estamos sem referência de psiquiatria; temos também o 
matriciamento de uma fisioterapeuta que vai à unidade a cada 30 dias e realiza 
visitas domiciliares, grupos operativos. Os grupos operativos são realizados 
pela fisioterapeuta, médica e enfermeira. Sendo eles o grupo dos hipertensos e 
diabéticos, gestantes e de artesanato, com a frequência de realização uma vez 
ao mês. 
Pichon-Rivière começou a trabalhar com grupos na medida em que 
observava a influência do grupo familiar em seus pacientes. Sua prática 
psiquiátrica esteve subsidiada principalmente pela psicanálise e pela psicologia 
social (...). A técnica do grupo operatirativo consiste em um trabalho com ||| situacional realizado no ano de 2013 na área de abrangência da equipe. 
O quantitativo de usuários portadores de transtornos mentais foi obtido 
por meio de sistemas de informação, de registros em cadernos da equipe e 
também com o auxílio dos ACS. 
Diante do problema torna-se de fundamental importância o empenho e 
a articulação de toda a equipe para execução do plano de ação proposto para 
a melhoria da qualidade de vida desses pacientes. Nesse sentido o PSF vem 
se mostrando como instrumento do processo de transformação da assistência 
em saúde mental, uma vez que possibilita maior aproximação entre o usuário, 
a família, os profissionais e toda a comunidade. Enfim essa proximidade é um 
importante recurso, principalmente no que se refere ao enfrentamento dos 
agravos vinculados ao sofrimento psíquico, que vêem se mostrando 
frequentes, e ainda pouco tratados (ANDRADE, 2006). 
 
6.5 Planejamento das Ações 
 
TABELA  1: Planejamento das ações de saúde mental na ESF Areias I ||| 3.1 Objetivo Geral 
 
Propor um plano de ação para melhorar e otimizar a assistência  aos 
pacientes portadores de transtornos mentais. 
 
3.2 Objetivos Específicos 
 
 Diminuir o número de pacientes que fazem uso de benzodiazepínicos; 
 Estimular o uso racional de medicamentos; 
 Criar espaços de discussão na Unidade de Saúde para que os pacientes 
possam discutir e expor seus problemas através de grupos; 
 Elaborar um plano de ação para resolução do problema em questão. 
 
 
 
 
 
 
 
 
 
 
 
 
 
 
 
 
 
 
 
 
 20 
 
 
4  METODOLOGIA 
 
 
O presente estudo foi desenvolvido na área de abrangência da ESF 
Areias I no município de Ribeirão das Neves – MG. A ESF atende a população 
de dois bairros, Areias I e Santana. O público-alvo participantes do estudo 
foram os pacientes de saúde mental cadastrados e acompanhados pela 
equipe. 
O referido estudo foi realizado durante o Curso de Especialização em 
Atenção Básica em Saúde da Família, no primeiro semestre de 2014. Foi ||| Atendemos dois bairros, bairro Areias e bairro Santana I. Contamos também 
com uma psicóloga que realiza o matriciamento da saúde mental na Unidade 
que vai à Unidade a cada 15 dias para discutirmos os casos em grupo e 
dependendo do caso fazemos o atendimento compartilhado. No momento 
estamos sem referência de profissional psiquiatra que antes tinhamos. 
De acordo com o diagnóstico situacional realizado em setembro de 
2013,constatamos que o maior problema da equipe é o grande número de 
usuários que fazem uso de benzodiazepínicos e que dependem de 
acompanhamento psiquiátrico, além de não dispormos do profissional 
psiquiatra na rede para consultas eletivas. Apenas nos CAPS e NAPS do 
município. 
40,0%
60,0%
Densidade demográfcia da amostra
Distribuição por gênero
1
2
 12 
 
 
Diante disso, a Atenção Básica tem um importante papel na assistência 
a certas demandas em saúde mental. O Ministério da Saúde avalia que cerca",1.0,0.6199161052093835,0.99999999998,1.0
